[{"title":"Autobiography","genre":"Life story","author":"Mahathma Gandi","image":"/images/gandhi.jpg"},{"title":"Wings of Fire","genre":"Autobiography","author":"Dr APJ Kalaam","image":"/images/wingsoffire.jpg"},{"title":"Balyakalasakhi","genre":"Novel","author":"Vaikkam Basheer","image":"/images/balyakala.jpg"},{"title":"Da Vinci Code","genre":"Fiction","author":"Dan Brown","image":"/images/davinci.jpg"},{"title":"Harry Potter","genre":"Fiction","author":"R J Rowling","image":"/images/harrypotter.jpg"},{"title":"Joseph","author":"Jacob","genre":"Story","image":"/images/meesa.jpeg"},{"title":"Balarama","author":"MM Mathew","genre":"Kids","image":"/images/mathilukal.jpg"},{"title":"Jiss veerakathakal","author":"Jissmoin","genre":"Thallu","image":"/images/godfather.jpg"},{"title":"Autobiography","author":"Life","genre":"MK Gandhi","image":"/images/gandhi.jpg"}]