[{"title":"Autobiography","genre":"Life story","author":"Mahathma Gandi","image":"/images/gandhi.jpg","description":"He came like a tidal wave, with the promise of a calm breeze. He spoke of peace, and he promised total non-cooperation. A frail old man, clad in hand-woven khadi, the British didn’t take him seriously. After all, what could one fakir do against the British Empire? In retrospect, the dramatic awe the situation inspires is too good to be true. Mohandas Karamchand Gandhi was born into a simple family"},{"title":"Wings of Fire","genre":"Missile man","author":"Dr APJ Kalaam","image":"/images/wingsoffire.jpg","description":"Wings of Fire: An Autobiography of A P J Abdul Kalam, former President of India. It was written by Dr. Kalam and Arun Tiwari. Kalam examines his early life, effort, hardship, fortitude, luck and chance that eventually led him to lead Indian space research, nuclear and missile programs."},{"title":"Balyakalasakhi","genre":"Novel","author":"Vaikkam Basheer","image":"/images/balyakala.jpg","description":"Balyakalasakhi, is a Malayalam romantic tragedy novel written by Vaikom Muhammad Basheer. Published in 1944, it is considered by many as Basheer's best work. The story revolves around Majeed and Suhra, who are in love with each other from childhood. By Basheer's own admission, the story is largely autobiographical."},{"title":"Harry Potter","genre":"Fiction","author":"R J Rowling","image":"/images/harrypotter.jpg","description":"Harry Potter is a British-American film series based on the eponymous novels by author J. K. Rowling. The series is distributed by Warner Bros. and consists of eight fantasy films, beginning with Harry Potter and the Philosopher's Stone and culminating with Harry Potter and the Deathly Hallows"}]