[{"fullName":"Admin","email":"admin@admin.com","password":"12345","confirmPassword":"12345","contactNumber":"9696969696","gender":"male","country":"India","address":"Great"},{"fullName":"jo","email":"jo@jo","password":"jo","confirmPassword":"jo","contactNumber":"9999999999","gender":"male","country":"India","address":"jo"},{"fullName":"k","email":"kk@kkk.hh","password":"k","confirmPassword":"k","contactNumber":"2222222222","gender":"male","country":"ind","address":"dfdewe","terms":"on","submit":"Register"},{"fullName":"l","email":"l@lll","password":"l","confirmPassword":"l","contactNumber":"1122544545","gender":"male","country":"ind","address":"gkhlklk","terms":"on","submit":"Register"},{"fullName":"m","email":"m@m","password":"m","confirmPassword":"m","contactNumber":"2222222222","gender":"male","country":"ind","address":"m","terms":"on","submit":"Register"},{"fullName":"po","email":"po@po","password":"po","confirmPassword":"po","contactNumber":"0000000000","gender":"male","country":"ind","address":"po","terms":"on","submit":"Register"},{"fullName":"po","email":"po@po","password":"po","confirmPassword":"po","contactNumber":"0000000000","gender":"male","country":"ind","address":"popopo","terms":"on","submit":"Register"},{"fullName":"po","email":"po@po","password":"po","confirmPassword":"po","contactNumber":"0000000000","gender":"male","country":"ind","address":"povb","terms":"on","submit":"Register"},{"fullName":"po","email":"po@po","password":"po","confirmPassword":"po","contactNumber":"0000000000","gender":"male","country":"ind","address":"popiopiopipo","terms":"on","submit":"Register"}]